{
  "areas_ha": {
    "forest_2024": 16129.862155734862,
    "forest_end_year": 16129.862155734862,
    "forest_end_year_ha": 16129.862155734862,
    "loss_2021_end_year": 3162.665208009166,
    "loss_total": 11260.185550292475,
    "loss_total_2001_2024": 11260.185550292475,
    "rfm": 27390.04770602734
  },
  "mask_true_pixels": {
    "forest_end_year": 203422,
    "loss_2021_end_year": 39886,
    "rfm": 345430
  },
  "pixel_area_m2": {
    "max": 792.9261415055822,
    "mean": 792.9261415055826,
    "min": 792.9261415055822
  },
  "raster_shapes": [
    [
      1,
      1
    ],
    [
      1,
      1
    ],
    [
      675,
      514
    ],
    [
      1,
      1
    ],
    [
      1,
      1
    ]
  ]
}
